,joblinks
0,https://de.linkedin.com/jobs/view/data-analyst-consumer-marketing-at-lovehoney-group-3805098517?refId=64EJlqDpOUPnBAcu6lCtIA%3D%3D&trackingId=0HP9WfRGGJ2Gf2jFzvp2RA%3D%3D&position=1&pageNum=0&trk=public_jobs_jserp-result_search-card
1,https://de.linkedin.com/jobs/view/senior-data-analyst-get-a-30%25-salary-increase-pay-0%25-tax-at-puffy-3759029443?refId=64EJlqDpOUPnBAcu6lCtIA%3D%3D&trackingId=s1QKt3nQIF0vzZpHsx63pg%3D%3D&position=2&pageNum=0&trk=public_jobs_jserp-result_search-card
2,https://de.linkedin.com/jobs/view/werkstudent-praktikant-business-intelligence-reporting-business-analysis-at-hello-de-3751658783?refId=64EJlqDpOUPnBAcu6lCtIA%3D%3D&trackingId=MUJVUqcX0%2FcpBO91VvQU%2Fg%3D%3D&position=3&pageNum=0&trk=public_jobs_jserp-result_search-card
3,https://de.linkedin.com/jobs/view/junior-group-performance-marketing-analyst-at-caseking-gmbh-3805537070?refId=64EJlqDpOUPnBAcu6lCtIA%3D%3D&trackingId=zFrfd%2Fg9YtT4iFLxm9dRvw%3D%3D&position=4&pageNum=0&trk=public_jobs_jserp-result_search-card
4,https://de.linkedin.com/jobs/view/digital-analyst-m-w-d-at-peak-ace-ag-3809888907?refId=64EJlqDpOUPnBAcu6lCtIA%3D%3D&trackingId=%2BFy9m9Zdvih%2ByT6fguu%2Fzg%3D%3D&position=5&pageNum=0&trk=public_jobs_jserp-result_search-card
5,https://de.linkedin.com/jobs/view/junior-digital-analyst-m-w-d-at-peak-ace-ag-3797057707?refId=64EJlqDpOUPnBAcu6lCtIA%3D%3D&trackingId=jshQVyekWmhnbAw6qj9TeQ%3D%3D&position=6&pageNum=0&trk=public_jobs_jserp-result_search-card
6,https://de.linkedin.com/jobs/view/marketing-analyst-d-f-m-at-omio-3810369660?refId=64EJlqDpOUPnBAcu6lCtIA%3D%3D&trackingId=Lincf0DFOpy7tc6kn0k0%2BQ%3D%3D&position=7&pageNum=0&trk=public_jobs_jserp-result_search-card
7,https://de.linkedin.com/jobs/view/business-analyst-data-ai-life-sciences-w-m-d-at-capgemini-3760808449?refId=64EJlqDpOUPnBAcu6lCtIA%3D%3D&trackingId=O3oLa%2BOopYwTNkWL%2B4gzNQ%3D%3D&position=8&pageNum=0&trk=public_jobs_jserp-result_search-card
8,https://de.linkedin.com/jobs/view/senior-data-analyst-business-analytics-commercial-delivery-relocation-to-tallinn-at-bolt-3788102693?refId=64EJlqDpOUPnBAcu6lCtIA%3D%3D&trackingId=EFyiZUwAlxLn4nyqDxI6Xg%3D%3D&position=9&pageNum=0&trk=public_jobs_jserp-result_search-card
9,https://de.linkedin.com/jobs/view/marketing-analyst-m-f-d-at-aeyde-3804992804?refId=64EJlqDpOUPnBAcu6lCtIA%3D%3D&trackingId=Znw2P2JGw0%2BKGGPqBtDX%2Bg%3D%3D&position=10&pageNum=0&trk=public_jobs_jserp-result_search-card
10,https://de.linkedin.com/jobs/view/business-analyst-ecommerce-at-lovehoney-group-3790737966?refId=64EJlqDpOUPnBAcu6lCtIA%3D%3D&trackingId=4hRICxVYT4weP3vEn0KAJQ%3D%3D&position=11&pageNum=0&trk=public_jobs_jserp-result_search-card
11,https://de.linkedin.com/jobs/view/business-analyst-controller-e-commerce-m-w-d-at-igefa-e-commerce-gmbh-co-kg-3798384932?refId=64EJlqDpOUPnBAcu6lCtIA%3D%3D&trackingId=p01C92wK7NvN0fMH9hQvdg%3D%3D&position=12&pageNum=0&trk=public_jobs_jserp-result_search-card
12,https://de.linkedin.com/jobs/view/junior-marketing-analyst-all-genders-at-dci-digital-career-institute-3804386488?refId=64EJlqDpOUPnBAcu6lCtIA%3D%3D&trackingId=rQddOp5PcS99fyERsY71zQ%3D%3D&position=13&pageNum=0&trk=public_jobs_jserp-result_search-card
13,https://de.linkedin.com/jobs/view/referent-web-analyst-m-w-d-mit-fokus-marketing-attribution-at-tui-3746717080?refId=64EJlqDpOUPnBAcu6lCtIA%3D%3D&trackingId=4uj4bpnAJUyrQGvyV0aYLw%3D%3D&position=14&pageNum=0&trk=public_jobs_jserp-result_search-card
14,https://de.linkedin.com/jobs/view/performance-marketing-analyst-m-w-d-at-myne-3810025718?refId=64EJlqDpOUPnBAcu6lCtIA%3D%3D&trackingId=YKkOp1g8kU7YUlFanXEkyw%3D%3D&position=15&pageNum=0&trk=public_jobs_jserp-result_search-card
15,https://de.linkedin.com/jobs/view/business-analyst-w-m-d-customer-support-center-elternzeitvertretung-befristet-bis-31-10-2024-at-ikea-3800574507?refId=64EJlqDpOUPnBAcu6lCtIA%3D%3D&trackingId=ZZweQRJf4FcudadW4fR8FA%3D%3D&position=16&pageNum=0&trk=public_jobs_jserp-result_search-card
16,https://de.linkedin.com/jobs/view/senior-marketing-analyst-all-genders-at-flaconi-3621220046?refId=64EJlqDpOUPnBAcu6lCtIA%3D%3D&trackingId=3%2F%2BMX8wWREaAeNsGWS4YfA%3D%3D&position=17&pageNum=0&trk=public_jobs_jserp-result_search-card
17,https://de.linkedin.com/jobs/view/business-analyst-low-code-datenbanken-schnittstellenentwicklung-m-w-d-at-workwise-3806698402?refId=64EJlqDpOUPnBAcu6lCtIA%3D%3D&trackingId=KIpLo1aKySbbF6RJF%2FcHoA%3D%3D&position=18&pageNum=0&trk=public_jobs_jserp-result_search-card
18,https://de.linkedin.com/jobs/view/business-analyst-m-w-d-at-odoo-3808000895?refId=64EJlqDpOUPnBAcu6lCtIA%3D%3D&trackingId=tLXlxyttXAWHPG4DopNezQ%3D%3D&position=20&pageNum=0&trk=public_jobs_jserp-result_search-card
19,https://de.linkedin.com/jobs/view/d365-f-o-business-analyst-scm-at-interex-group-3805319911?refId=64EJlqDpOUPnBAcu6lCtIA%3D%3D&trackingId=ZZ%2F3lp36lUkaqXoHbiijBw%3D%3D&position=21&pageNum=0&trk=public_jobs_jserp-result_search-card
20,https://de.linkedin.com/jobs/view/senior-marketing-analyst-d-f-m-at-immoscout24-3750809855?refId=64EJlqDpOUPnBAcu6lCtIA%3D%3D&trackingId=BcooR%2F88SAo66Wvc13bHdg%3D%3D&position=22&pageNum=0&trk=public_jobs_jserp-result_search-card
21,https://de.linkedin.com/jobs/view/senior-marketing-analyst-m-f-d-at-contorion-3785684995?refId=64EJlqDpOUPnBAcu6lCtIA%3D%3D&trackingId=%2FHpEomf%2FPchFCiFNkYhLGQ%3D%3D&position=23&pageNum=0&trk=public_jobs_jserp-result_search-card
22,https://de.linkedin.com/jobs/view/senior-marketing-analyst-d-f-m-at-scout24-gruppe-3763571970?refId=64EJlqDpOUPnBAcu6lCtIA%3D%3D&trackingId=znpv1jXH9KWXDkgl7CSTLw%3D%3D&position=24&pageNum=0&trk=public_jobs_jserp-result_search-card
23,https://de.linkedin.com/jobs/view/business-analyst-m-w-d-at-mediamarktsaturn-3801293970?refId=64EJlqDpOUPnBAcu6lCtIA%3D%3D&trackingId=JZ2b5roJGy5DpFNQkiyVVA%3D%3D&position=25&pageNum=0&trk=public_jobs_jserp-result_search-card
24,https://de.linkedin.com/jobs/view/business-analyst-in-data-migration-manager-in-sap-s-4hana-at-deutsche-bahn-3802858957?refId=8%2FWTbww8iY4Pd%2BWlCGoAKw%3D%3D&trackingId=8I8ba4EMXVO3LpAPV02X6Q%3D%3D&position=1&pageNum=1&trk=public_jobs_jserp-result_search-card
25,https://de.linkedin.com/jobs/view/lead-data-analyst-%E2%80%93-marketing-strategy-analytics-bangkok-based-relocation-provided-at-agoda-3805449054?refId=8%2FWTbww8iY4Pd%2BWlCGoAKw%3D%3D&trackingId=Jem2lI5gkVuVkSHOc3BalA%3D%3D&position=2&pageNum=1&trk=public_jobs_jserp-result_search-card
26,https://de.linkedin.com/jobs/view/businessanalyst-in-m-w-div-at-deutsche-rentenversicherung-bund-3706794548?refId=8%2FWTbww8iY4Pd%2BWlCGoAKw%3D%3D&trackingId=HGrh335gIAN3pzsZ1EiG9Q%3D%3D&position=3&pageNum=1&trk=public_jobs_jserp-result_search-card
27,https://de.linkedin.com/jobs/view/business-analyst-m-w-d-43-cl-27-2-at-moyyn-3587529775?refId=8%2FWTbww8iY4Pd%2BWlCGoAKw%3D%3D&trackingId=wNL6ZKwddENXF3SwjRi9Iw%3D%3D&position=4&pageNum=1&trk=public_jobs_jserp-result_search-card
28,https://de.linkedin.com/jobs/view/business-analyst-renewables-all-genders-at-saxovent-smart-eco-investments-gmbh-3803170693?refId=8%2FWTbww8iY4Pd%2BWlCGoAKw%3D%3D&trackingId=4w5pMBnRnrKf6YZKxXnZ1Q%3D%3D&position=5&pageNum=1&trk=public_jobs_jserp-result_search-card
29,https://de.linkedin.com/jobs/view/senior-marketing-analyst-d-f-m-at-immoscout24-3767071344?refId=8%2FWTbww8iY4Pd%2BWlCGoAKw%3D%3D&trackingId=SsC4%2BBEjVi4xlnLvg41CJg%3D%3D&position=7&pageNum=1&trk=public_jobs_jserp-result_search-card
30,https://de.linkedin.com/jobs/view/duales-studium-bwl-versicherung-b-a-at-devk-versicherungen-3708928337?refId=8%2FWTbww8iY4Pd%2BWlCGoAKw%3D%3D&trackingId=yi3ljku9CuL%2B7Rie1dx9kw%3D%3D&position=8&pageNum=1&trk=public_jobs_jserp-result_search-card
31,https://de.linkedin.com/jobs/view/business-analyst-workflow-utility-for-operational-planning-m-w-d-at-freiberger-lebensmittel-gmbh-3735702336?refId=8%2FWTbww8iY4Pd%2BWlCGoAKw%3D%3D&trackingId=%2BRQU30TY%2F8qPUBEvsJCiHw%3D%3D&position=10&pageNum=1&trk=public_jobs_jserp-result_search-card
32,https://de.linkedin.com/jobs/view/duales-studium-bwl-b-a-am-campus-oder-online-at-iu-internationale-hochschule-3802373231?refId=8%2FWTbww8iY4Pd%2BWlCGoAKw%3D%3D&trackingId=v4wllJqRNU7tutxZVDb1pA%3D%3D&position=11&pageNum=1&trk=public_jobs_jserp-result_search-card
33,https://de.linkedin.com/jobs/view/business-analyst-m-w-d-at-cbtw-3810405715?refId=8%2FWTbww8iY4Pd%2BWlCGoAKw%3D%3D&trackingId=NRSZE92C6qsWO7hF3TdjAA%3D%3D&position=12&pageNum=1&trk=public_jobs_jserp-result_search-card
34,https://de.linkedin.com/jobs/view/business-analyst-dubai-uae-at-cobblestone-energy-3780712045?refId=8%2FWTbww8iY4Pd%2BWlCGoAKw%3D%3D&trackingId=ChWBXjW%2Ftqx2Am7MdkPlsQ%3D%3D&position=13&pageNum=1&trk=public_jobs_jserp-result_search-card
35,https://de.linkedin.com/jobs/view/business-analyst-f-m-d-at-verve-group-3810230113?refId=8%2FWTbww8iY4Pd%2BWlCGoAKw%3D%3D&trackingId=YU1bIjYQK2HxvkcZM1AN%2BA%3D%3D&position=14&pageNum=1&trk=public_jobs_jserp-result_search-card
36,https://de.linkedin.com/jobs/view/duales-studium-b-a-bwl-schwerpunkt-immobilienwirtschaft-buwog-berlin-2024-at-vonovia-3789141784?refId=8%2FWTbww8iY4Pd%2BWlCGoAKw%3D%3D&trackingId=cNf3MBJl6x7YMAx%2Fo0URIg%3D%3D&position=15&pageNum=1&trk=public_jobs_jserp-result_search-card
37,https://de.linkedin.com/jobs/view/business-analyst-m-w-d-at-cbtw-3802864062?refId=8%2FWTbww8iY4Pd%2BWlCGoAKw%3D%3D&trackingId=%2Brc%2FD%2Bgj0YiKcguK%2B0TOcQ%3D%3D&position=16&pageNum=1&trk=public_jobs_jserp-result_search-card
38,https://de.linkedin.com/jobs/view/business-analyst-m-w-d-at-cbtw-3802694525?refId=8%2FWTbww8iY4Pd%2BWlCGoAKw%3D%3D&trackingId=LBJ4WvIOm3wYbN88bEcknw%3D%3D&position=17&pageNum=1&trk=public_jobs_jserp-result_search-card
39,https://de.linkedin.com/jobs/view/business-analyst-m-w-d-at-init-ag-f%C3%BCr-digitale-kommunikation-3782262436?refId=8%2FWTbww8iY4Pd%2BWlCGoAKw%3D%3D&trackingId=BHqviw%2BKNy22eV0W0AnxHg%3D%3D&position=18&pageNum=1&trk=public_jobs_jserp-result_search-card
40,https://de.linkedin.com/jobs/view/business-analyst-m-w-d-at-init-ag-f%C3%BCr-digitale-kommunikation-3782265109?refId=8%2FWTbww8iY4Pd%2BWlCGoAKw%3D%3D&trackingId=cv36M6gFxcI36hj4ghHitA%3D%3D&position=19&pageNum=1&trk=public_jobs_jserp-result_search-card
41,https://de.linkedin.com/jobs/view/business-analyst-m-w-d-at-cbtw-3808861465?refId=8%2FWTbww8iY4Pd%2BWlCGoAKw%3D%3D&trackingId=hInfWLUKUN3Wjm%2Fgav3iOg%3D%3D&position=20&pageNum=1&trk=public_jobs_jserp-result_search-card
42,https://de.linkedin.com/jobs/view/performance-marketing-manager-sea-m-w-d-at-home24-se-3655539781?refId=8%2FWTbww8iY4Pd%2BWlCGoAKw%3D%3D&trackingId=U7gR2xhJ2FWH58YNkbwfEw%3D%3D&position=21&pageNum=1&trk=public_jobs_jserp-result_search-card
43,https://de.linkedin.com/jobs/view/market-analyst-research-analyst-m-w-d-at-engel-v%C3%B6lkers-commercial-berlin-3765626226?refId=8%2FWTbww8iY4Pd%2BWlCGoAKw%3D%3D&trackingId=ehbci%2B2XwxafH%2FknOUFXLA%3D%3D&position=22&pageNum=1&trk=public_jobs_jserp-result_search-card
44,https://de.linkedin.com/jobs/view/business-analyst-m-w-d-bei-propotsdam-at-interim-group-3803801300?refId=8%2FWTbww8iY4Pd%2BWlCGoAKw%3D%3D&trackingId=8ZEiJzrxkqDF3jj9D5%2Fjkw%3D%3D&position=23&pageNum=1&trk=public_jobs_jserp-result_search-card
45,https://de.linkedin.com/jobs/view/senior-marketing-analyst-f-m-d-at-gotphoto-com-fotograf-de-3731197233?refId=8%2FWTbww8iY4Pd%2BWlCGoAKw%3D%3D&trackingId=KQxZiV6TjhqRN4IvRRqVgw%3D%3D&position=24&pageNum=1&trk=public_jobs_jserp-result_search-card
46,https://de.linkedin.com/jobs/view/anforderungsmanager-business-analyst-at-halian-3809329256?refId=8%2FWTbww8iY4Pd%2BWlCGoAKw%3D%3D&trackingId=6kKDlNrNsdr924Ny2YdhrA%3D%3D&position=25&pageNum=1&trk=public_jobs_jserp-result_search-card
47,https://de.linkedin.com/jobs/view/sozial%C2%ADver%C2%ADsi%C2%ADche%C2%ADrungs%C2%ADfach%C2%ADan%C2%ADge%C2%ADstellte-als-business-analyst-m-w-d-schwerpunkt-telematik-at-aok-systems-gmbh-3781587384?refId=hXf1eUc3AyiCGivJvdkDgQ%3D%3D&trackingId=mz1fn%2FnvjEMJxSO4DqjwbA%3D%3D&position=1&pageNum=2&trk=public_jobs_jserp-result_search-card
48,https://de.linkedin.com/jobs/view/business-analyst-gn-at-powercloud-3808478620?refId=hXf1eUc3AyiCGivJvdkDgQ%3D%3D&trackingId=Tvclz87SOFCugKJFoqTDEg%3D%3D&position=2&pageNum=2&trk=public_jobs_jserp-result_search-card
49,https://de.linkedin.com/jobs/view/business-analyst-m-w-d-f%C3%BCr-die-ee-krankenhaus-at-aok-systems-gmbh-3783797735?refId=hXf1eUc3AyiCGivJvdkDgQ%3D%3D&trackingId=nZ1J9FG9RmDWetH2ctDu8A%3D%3D&position=3&pageNum=2&trk=public_jobs_jserp-result_search-card
50,https://de.linkedin.com/jobs/view/business-analyst-value-added-services-m-w-d-at-verivox-gmbh-3808136547?refId=hXf1eUc3AyiCGivJvdkDgQ%3D%3D&trackingId=xHoyzOm7BfCjm8JKKgIaXg%3D%3D&position=4&pageNum=2&trk=public_jobs_jserp-result_search-card
51,https://de.linkedin.com/jobs/view/duales-studium-bwl-b-a-am-campus-oder-online-at-iu-internationale-hochschule-3802370742?refId=hXf1eUc3AyiCGivJvdkDgQ%3D%3D&trackingId=PsYDx70dCLQN4%2B4pnGlgDA%3D%3D&position=5&pageNum=2&trk=public_jobs_jserp-result_search-card
52,https://de.linkedin.com/jobs/view/duales-studium-b-a-international-service-management-m-w-d-berlin-at-tesla-3735044548?refId=hXf1eUc3AyiCGivJvdkDgQ%3D%3D&trackingId=ezeItLFinW8WBJ2xCpz%2BcA%3D%3D&position=6&pageNum=2&trk=public_jobs_jserp-result_search-card
53,https://de.linkedin.com/jobs/view/dynamics-365-business-analyst-at-digitall-3731258981?refId=hXf1eUc3AyiCGivJvdkDgQ%3D%3D&trackingId=Y0qqyuinUubnRWj2QKQH4A%3D%3D&position=7&pageNum=2&trk=public_jobs_jserp-result_search-card
54,https://de.linkedin.com/jobs/view/business-analyst-m-w-d-100%25-remote-at-publicplan-gmbh-3801936372?refId=hXf1eUc3AyiCGivJvdkDgQ%3D%3D&trackingId=t3%2Fu28eO%2BH2YguByR3QM%2Fg%3D%3D&position=8&pageNum=2&trk=public_jobs_jserp-result_search-card
55,https://de.linkedin.com/jobs/view/duales-studium-b-a-bwl-mit-schwerpunkt-business-sales-in-berlin-2024-at-vodafone-3717095440?refId=hXf1eUc3AyiCGivJvdkDgQ%3D%3D&trackingId=9GR%2BtVfpaqysyLawqMGshA%3D%3D&position=9&pageNum=2&trk=public_jobs_jserp-result_search-card
56,https://de.linkedin.com/jobs/view/business-analyst-insurance-m-w-d-at-verivox-gmbh-3808135578?refId=hXf1eUc3AyiCGivJvdkDgQ%3D%3D&trackingId=KYkaQT7BOYZ21GFboQBpoA%3D%3D&position=10&pageNum=2&trk=public_jobs_jserp-result_search-card
57,https://de.linkedin.com/jobs/view/bas-berlin-aviation-service-gmbh-sucht-mitarbeiter-in-der-passagierabfertigung-check-in-agent-m-w-d-in-teilzeit-80-stunden-oder-als-minijob-at-gas-german-aviation-service-3734090133?refId=hXf1eUc3AyiCGivJvdkDgQ%3D%3D&trackingId=H5A5hSTvLaWrOV%2BS3JyVcA%3D%3D&position=11&pageNum=2&trk=public_jobs_jserp-result_search-card
58,https://de.linkedin.com/jobs/view/duales-studium-gesundheitsmanagement-b-a-am-campus-oder-online-at-iu-internationale-hochschule-3802374017?refId=hXf1eUc3AyiCGivJvdkDgQ%3D%3D&trackingId=oEpZWCEHRfXLY9wQUCkKeA%3D%3D&position=12&pageNum=2&trk=public_jobs_jserp-result_search-card
59,https://de.linkedin.com/jobs/view/business-analyst-retail-processes-at-new-yorker-3777563631?refId=hXf1eUc3AyiCGivJvdkDgQ%3D%3D&trackingId=iQ3Tby1vjbjXIu0N7PH6PQ%3D%3D&position=13&pageNum=2&trk=public_jobs_jserp-result_search-card
60,https://de.linkedin.com/jobs/view/business-analystin-digitalisierung-netzausbau-m-w-d-at-50hertz-transmission-gmbh-3800269580?refId=hXf1eUc3AyiCGivJvdkDgQ%3D%3D&trackingId=iXPIuqyjJ7iGGAmr0%2BjOjQ%3D%3D&position=14&pageNum=2&trk=public_jobs_jserp-result_search-card
61,https://de.linkedin.com/jobs/view/berater-technology-business-analysis-technology-transformation-w-m-d-at-ey-3706663482?refId=hXf1eUc3AyiCGivJvdkDgQ%3D%3D&trackingId=BtINLtZPjpGFjQvtXgr1OA%3D%3D&position=15&pageNum=2&trk=public_jobs_jserp-result_search-card
62,https://de.linkedin.com/jobs/view/duales-studium-b-a-bwl-mit-schwerpunkt-digital-innovation-in-berlin-2024-at-vodafone-3717099303?refId=hXf1eUc3AyiCGivJvdkDgQ%3D%3D&trackingId=kO8EYogsdQfSe1cMjVEoeQ%3D%3D&position=17&pageNum=2&trk=public_jobs_jserp-result_search-card
63,https://de.linkedin.com/jobs/view/duales-studium-e-commerce-b-a-am-campus-oder-online-at-iu-internationale-hochschule-3802361980?refId=hXf1eUc3AyiCGivJvdkDgQ%3D%3D&trackingId=QX7EuXLsx8%2FrQjFNYJMvLA%3D%3D&position=18&pageNum=2&trk=public_jobs_jserp-result_search-card
64,https://de.linkedin.com/jobs/view/business-analyst-betriebsmanagement-w-m-d-at-gasag-gruppe-3789436306?refId=hXf1eUc3AyiCGivJvdkDgQ%3D%3D&trackingId=EjokSAaIIxVny75CFbVSgQ%3D%3D&position=19&pageNum=2&trk=public_jobs_jserp-result_search-card
65,https://de.linkedin.com/jobs/view/business-analyst-m-w-d-sachversicherungs-haftpflichtsch%C3%A4den-in-berlin-at-bavariadirekt-3810081267?refId=hXf1eUc3AyiCGivJvdkDgQ%3D%3D&trackingId=9zeYnclBVZP7NPuiCEoD4Q%3D%3D&position=20&pageNum=2&trk=public_jobs_jserp-result_search-card
66,https://de.linkedin.com/jobs/view/duales-studium-soziale-arbeit-b-a-am-campus-oder-online-at-iu-internationale-hochschule-3802362951?refId=hXf1eUc3AyiCGivJvdkDgQ%3D%3D&trackingId=v6QfOmSiSeumRkVjfcJ8%2FQ%3D%3D&position=21&pageNum=2&trk=public_jobs_jserp-result_search-card
67,https://de.linkedin.com/jobs/view/business-analyst-banking-m-w-d-at-msg-for-banking-ag-3574443223?refId=hXf1eUc3AyiCGivJvdkDgQ%3D%3D&trackingId=iGeCH%2FMSgoB6JGV2RTcNJQ%3D%3D&position=22&pageNum=2&trk=public_jobs_jserp-result_search-card
68,https://de.linkedin.com/jobs/view/duales-studium-tourismusmanagement-b-a-am-campus-oder-online-at-iu-internationale-hochschule-3802366622?refId=hXf1eUc3AyiCGivJvdkDgQ%3D%3D&trackingId=iFKpyVGOdHuUZIiwlOXj%2FA%3D%3D&position=23&pageNum=2&trk=public_jobs_jserp-result_search-card
69,https://de.linkedin.com/jobs/view/business-architect-business-analyst-electricity-balancing-w-m-d-at-50hertz-transmission-gmbh-3807140331?refId=PSqHggtEo3Tmc0vYPbd1Hw%3D%3D&trackingId=xEa0vQVyMssQQRpxWcVKIw%3D%3D&position=1&pageNum=3&trk=public_jobs_jserp-result_search-card
70,https://de.linkedin.com/jobs/view/performance-marketing-manager-sea-%E2%80%93-deutsch-m-w-d-at-home24-se-3790657658?refId=PSqHggtEo3Tmc0vYPbd1Hw%3D%3D&trackingId=5BPAZIMGrHCexvO2McdVbg%3D%3D&position=2&pageNum=3&trk=public_jobs_jserp-result_search-card
71,https://de.linkedin.com/jobs/view/duales-studium-gesundheitsmanagement-b-a-am-campus-oder-online-at-iu-internationale-hochschule-3802368740?refId=PSqHggtEo3Tmc0vYPbd1Hw%3D%3D&trackingId=pmWEyiUV8gLA0r%2B3ZMAn5g%3D%3D&position=3&pageNum=3&trk=public_jobs_jserp-result_search-card
72,https://de.linkedin.com/jobs/view/hungarian-speaking-social-media-analyst-gn-at-grafton-recruitment-3779009009?refId=PSqHggtEo3Tmc0vYPbd1Hw%3D%3D&trackingId=IBq8b5bqKz1zAGuYd4kKvw%3D%3D&position=4&pageNum=3&trk=public_jobs_jserp-result_search-card
73,https://de.linkedin.com/jobs/view/bas-berlin-aviation-service-gmbh-sucht-mitarbeiter-f%C3%BCr-die-vip-und-business-lounge-betreuung-m-w-d-at-gas-german-aviation-service-3734086694?refId=PSqHggtEo3Tmc0vYPbd1Hw%3D%3D&trackingId=XmfSii8Xzg0e3kzs5jtWEg%3D%3D&position=5&pageNum=3&trk=public_jobs_jserp-result_search-card
74,https://de.linkedin.com/jobs/view/duales-studium-tourismusmanagement-b-a-am-campus-oder-online-at-iu-internationale-hochschule-3802370183?refId=PSqHggtEo3Tmc0vYPbd1Hw%3D%3D&trackingId=VPBBOkOFzrBKuR1pdrgkYA%3D%3D&position=6&pageNum=3&trk=public_jobs_jserp-result_search-card
75,https://de.linkedin.com/jobs/view/business-analyst-datenmigration-all-genders-f%C3%BCr-die-adesso-insurance-solutions-gmbh-at-adesso-insurance-solutions-gmbh-3741942819?refId=PSqHggtEo3Tmc0vYPbd1Hw%3D%3D&trackingId=be2qhHiSulaxMGYFfkVaSg%3D%3D&position=7&pageNum=3&trk=public_jobs_jserp-result_search-card
76,https://de.linkedin.com/jobs/view/business-analyst-m-w-d-at-michael-page-3792822749?refId=PSqHggtEo3Tmc0vYPbd1Hw%3D%3D&trackingId=a%2FaIhHx6yGSQq6fj5MlgAQ%3D%3D&position=8&pageNum=3&trk=public_jobs_jserp-result_search-card
77,https://de.linkedin.com/jobs/view/consultant-business-analyst-senior-bei-findic-w-m-d-at-zeb-consulting-3378324316?refId=PSqHggtEo3Tmc0vYPbd1Hw%3D%3D&trackingId=LQjgPor3H7%2BoP6gf8JofDg%3D%3D&position=9&pageNum=3&trk=public_jobs_jserp-result_search-card
78,https://de.linkedin.com/jobs/view/duales-studium-betriebswirtschaftslehre-bank-b-a-mit-fokus-vertrieb-m-w-d-at-interhyp-gruppe-3746301416?refId=PSqHggtEo3Tmc0vYPbd1Hw%3D%3D&trackingId=ztIJE98%2BmLrVp5K37rQAVQ%3D%3D&position=10&pageNum=3&trk=public_jobs_jserp-result_search-card
79,https://de.linkedin.com/jobs/view/business-market-analyst-m-w-d-at-abl-solutions-gmbh-3726545406?refId=PSqHggtEo3Tmc0vYPbd1Hw%3D%3D&trackingId=fasW3iTOsknh%2BGnYaevxVQ%3D%3D&position=11&pageNum=3&trk=public_jobs_jserp-result_search-card
80,https://de.linkedin.com/jobs/view/duales-studium-m-w-d-b-a-in-der-bwl-immobilienwirtschaft-at-jll-3790348646?refId=PSqHggtEo3Tmc0vYPbd1Hw%3D%3D&trackingId=GoW%2FmW9%2FG8btJz5BYlv6sg%3D%3D&position=12&pageNum=3&trk=public_jobs_jserp-result_search-card
81,https://de.linkedin.com/jobs/view/business-analyst-schwerpunkt-military-m-w-d-at-bwi-gmbh-3805599625?refId=PSqHggtEo3Tmc0vYPbd1Hw%3D%3D&trackingId=Osv4gSufK%2BbxkovrIGYmiQ%3D%3D&position=13&pageNum=3&trk=public_jobs_jserp-result_search-card
82,https://de.linkedin.com/jobs/view/duales-studium-soziale-arbeit-b-a-am-campus-oder-online-at-iu-internationale-hochschule-3802367345?refId=PSqHggtEo3Tmc0vYPbd1Hw%3D%3D&trackingId=Ojwd%2BDXpGCyxFNQCxHAnYg%3D%3D&position=14&pageNum=3&trk=public_jobs_jserp-result_search-card
83,https://de.linkedin.com/jobs/view/lead-managing-consultant-technology-innovation-w-m-x-at-ntt-data-dach-3670313500?refId=PSqHggtEo3Tmc0vYPbd1Hw%3D%3D&trackingId=okly8iZ0%2BQoe5L5k5H8kew%3D%3D&position=15&pageNum=3&trk=public_jobs_jserp-result_search-card
84,https://de.linkedin.com/jobs/view/duales-studium-kindheitsp%C3%A4dagogik-b-a-am-campus-oder-online-at-iu-internationale-hochschule-3802372051?refId=PSqHggtEo3Tmc0vYPbd1Hw%3D%3D&trackingId=OFEsAlQPZ%2F5THyRSzDmrDg%3D%3D&position=16&pageNum=3&trk=public_jobs_jserp-result_search-card
85,https://de.linkedin.com/jobs/view/duales-studium-kindheitsp%C3%A4dagogik-b-a-am-campus-oder-online-at-iu-internationale-hochschule-3802368748?refId=PSqHggtEo3Tmc0vYPbd1Hw%3D%3D&trackingId=mCi09obqURgoYIMUD9w8wg%3D%3D&position=17&pageNum=3&trk=public_jobs_jserp-result_search-card
86,https://de.linkedin.com/jobs/view/business-analyst-m-w-d-in-einem-spannenden-umfeld-at-amadeus-fire-3805618758?refId=PSqHggtEo3Tmc0vYPbd1Hw%3D%3D&trackingId=XASz%2BGNOTd2kfOKBR2TYCQ%3D%3D&position=18&pageNum=3&trk=public_jobs_jserp-result_search-card
87,https://de.linkedin.com/jobs/view/business-analyst-m-w-d-im-gesundheitswesen-at-amadeus-fire-3806142685?refId=PSqHggtEo3Tmc0vYPbd1Hw%3D%3D&trackingId=nNiO7oIjrLposuvJZYNmQg%3D%3D&position=19&pageNum=3&trk=public_jobs_jserp-result_search-card
88,https://de.linkedin.com/jobs/view/duales-studium-immobilienwirtschaft-b-a-am-campus-oder-online-at-iu-internationale-hochschule-3802371435?refId=PSqHggtEo3Tmc0vYPbd1Hw%3D%3D&trackingId=oPAPe8%2BeqXmIW0XhszVF1A%3D%3D&position=20&pageNum=3&trk=public_jobs_jserp-result_search-card
89,https://de.linkedin.com/jobs/view/business-analyst-requirements-engineering-f%C3%BCr-meldewesen-all-genders-f%C3%BCr-die-adesso-insurance-solutions-gmbh-at-adesso-insurance-solutions-gmbh-3806797167?refId=PSqHggtEo3Tmc0vYPbd1Hw%3D%3D&trackingId=hnp7zWDD6%2FGO%2Bqvo62QlPg%3D%3D&position=21&pageNum=3&trk=public_jobs_jserp-result_search-card
90,https://de.linkedin.com/jobs/view/duales-studium-immobilienwirtschaft-b-a-am-campus-oder-online-at-iu-internationale-hochschule-3802369451?refId=PSqHggtEo3Tmc0vYPbd1Hw%3D%3D&trackingId=4iKPdH%2F52ZorQWaHWe42DA%3D%3D&position=22&pageNum=3&trk=public_jobs_jserp-result_search-card
91,https://de.linkedin.com/jobs/view/german-speaking-social-media-analyst-gn-at-grafton-recruitment-3797835380?refId=PSqHggtEo3Tmc0vYPbd1Hw%3D%3D&trackingId=v746UNHaXEy6VcN%2F4m9OUg%3D%3D&position=23&pageNum=3&trk=public_jobs_jserp-result_search-card
92,https://de.linkedin.com/jobs/view/praktikum-w-m-d-business-research-analysis-at-kpmg-deutschland-3743896490?refId=PSqHggtEo3Tmc0vYPbd1Hw%3D%3D&trackingId=Zosms%2FrHbwKmvi%2FSHce9Xw%3D%3D&position=24&pageNum=3&trk=public_jobs_jserp-result_search-card
93,https://de.linkedin.com/jobs/view/duales-studium-mediendesign-b-a-am-campus-oder-online-at-iu-internationale-hochschule-3802370420?refId=ENcT3dlk%2FKN8I%2BTI4%2BAfMw%3D%3D&trackingId=gGPsJdMpKYLk%2F4EqA%2F2sjQ%3D%3D&position=2&pageNum=4&trk=public_jobs_jserp-result_search-card
94,https://de.linkedin.com/jobs/view/senior-managing-consultant-executive-technology-innovation-w-m-x-at-ntt-data-dach-3700519276?refId=ENcT3dlk%2FKN8I%2BTI4%2BAfMw%3D%3D&trackingId=GYhwCLuU6EyYBPtMvGtW4g%3D%3D&position=3&pageNum=4&trk=public_jobs_jserp-result_search-card
95,https://de.linkedin.com/jobs/view/duales-studium-wirtschaftspr%C3%BCfung-b-a-2024-at-deloitte-3672941432?refId=ENcT3dlk%2FKN8I%2BTI4%2BAfMw%3D%3D&trackingId=gF4oVfUQ5qA5MxLcnavtWQ%3D%3D&position=4&pageNum=4&trk=public_jobs_jserp-result_search-card
96,https://de.linkedin.com/jobs/view/business-analyst-product-owner-requirements-engineer-m-w-d-at-cgi-3779594869?refId=ENcT3dlk%2FKN8I%2BTI4%2BAfMw%3D%3D&trackingId=qIPviHmcNRweTNMMdzqX6g%3D%3D&position=5&pageNum=4&trk=public_jobs_jserp-result_search-card
97,https://de.linkedin.com/jobs/view/senior-data-analyst-marketing-measurement-at-getyourguide-3804912475?refId=ENcT3dlk%2FKN8I%2BTI4%2BAfMw%3D%3D&trackingId=4f%2BZRbab0GeawFA4vtcELA%3D%3D&position=6&pageNum=4&trk=public_jobs_jserp-result_search-card
98,https://de.linkedin.com/jobs/view/business-intelligence-data-analyst-at-avea-life-3788415709?refId=ENcT3dlk%2FKN8I%2BTI4%2BAfMw%3D%3D&trackingId=59b8JMvZ7qiXe5YtHXtejQ%3D%3D&position=7&pageNum=4&trk=public_jobs_jserp-result_search-card
99,https://de.linkedin.com/jobs/view/marketing-data-analyst-all-genders-at-justplay-3764333555?refId=ENcT3dlk%2FKN8I%2BTI4%2BAfMw%3D%3D&trackingId=szOxFIcSJJWHvbZd0MFz9Q%3D%3D&position=8&pageNum=4&trk=public_jobs_jserp-result_search-card
100,https://de.linkedin.com/jobs/view/senior-data-analyst-bi-expert-all-genders-at-primal-state-performance-gmbh-3784021378?refId=ENcT3dlk%2FKN8I%2BTI4%2BAfMw%3D%3D&trackingId=plEdFbC814fbpveP%2FSAlmw%3D%3D&position=9&pageNum=4&trk=public_jobs_jserp-result_search-card
101,https://de.linkedin.com/jobs/view/game-data-analyst-f-m-d-at-kolibri-games-3764345446?refId=ENcT3dlk%2FKN8I%2BTI4%2BAfMw%3D%3D&trackingId=1EMcA%2FwbwtZ4X0W9JIOqZQ%3D%3D&position=10&pageNum=4&trk=public_jobs_jserp-result_search-card
102,https://de.linkedin.com/jobs/view/lead-data-analyst-at-linearity-3794346698?refId=ENcT3dlk%2FKN8I%2BTI4%2BAfMw%3D%3D&trackingId=QgA2kydsOqgM%2BLXaTWqnTw%3D%3D&position=11&pageNum=4&trk=public_jobs_jserp-result_search-card
103,https://de.linkedin.com/jobs/view/data-analyst-power-bi-m-w-d-at-vielfaltmen%C3%BC-gmbh-3809446176?refId=ENcT3dlk%2FKN8I%2BTI4%2BAfMw%3D%3D&trackingId=vX2%2BSjq0EPKf4aEfUHHGfA%3D%3D&position=12&pageNum=4&trk=public_jobs_jserp-result_search-card
104,https://de.linkedin.com/jobs/view/business-data-analyst-w-m-d-at-robert-half-3792176156?refId=ENcT3dlk%2FKN8I%2BTI4%2BAfMw%3D%3D&trackingId=uKG8rNLdbt8rBT8m78mbpw%3D%3D&position=13&pageNum=4&trk=public_jobs_jserp-result_search-card
105,https://de.linkedin.com/jobs/view/business-intelligence-data-analyst-at-maximon-the-longevity-company-builder-3788415610?refId=ENcT3dlk%2FKN8I%2BTI4%2BAfMw%3D%3D&trackingId=oZTfMVl97kQTLfi8W5%2Bl6g%3D%3D&position=14&pageNum=4&trk=public_jobs_jserp-result_search-card
106,https://de.linkedin.com/jobs/view/senior-data-analyst-all-genders-acquisition-at-urban-sports-club-3805604918?refId=ENcT3dlk%2FKN8I%2BTI4%2BAfMw%3D%3D&trackingId=5jBE9TMpD81QqD3EEgOeWw%3D%3D&position=15&pageNum=4&trk=public_jobs_jserp-result_search-card
107,https://de.linkedin.com/jobs/view/senior-marketing-data-analyst-at-airhelp-3795124343?refId=ENcT3dlk%2FKN8I%2BTI4%2BAfMw%3D%3D&trackingId=ajIPjVj%2Bm%2BMepP63carpPA%3D%3D&position=16&pageNum=4&trk=public_jobs_jserp-result_search-card
108,https://de.linkedin.com/jobs/view/online-tracking-analyst-m-f-d-in-berlin-deutschland-at-energy-jobline-3799626999?refId=ENcT3dlk%2FKN8I%2BTI4%2BAfMw%3D%3D&trackingId=qR%2FsoR093Lf8%2BCCObqT05A%3D%3D&position=17&pageNum=4&trk=public_jobs_jserp-result_search-card
109,https://de.linkedin.com/jobs/view/commercial-insights-analyst-m-w-d-at-dr-kade-health-care-2726484396?refId=ENcT3dlk%2FKN8I%2BTI4%2BAfMw%3D%3D&trackingId=Xmdax26j7LK1ZY42j5%2B9Tg%3D%3D&position=18&pageNum=4&trk=public_jobs_jserp-result_search-card
110,https://de.linkedin.com/jobs/view/online-tracking-analyst-m-w-d-in-berlin-deutschland-at-energy-jobline-3796119627?refId=ENcT3dlk%2FKN8I%2BTI4%2BAfMw%3D%3D&trackingId=W7jhYjMDig8wdmN7X8CBmg%3D%3D&position=19&pageNum=4&trk=public_jobs_jserp-result_search-card
111,https://de.linkedin.com/jobs/view/business-consultant-data-architecture-und-data-analysis-supply-solutions-m-w-d-at-msg-3683743082?refId=ENcT3dlk%2FKN8I%2BTI4%2BAfMw%3D%3D&trackingId=BxaRh%2FCG2u3iHbW9vOCRGA%3D%3D&position=23&pageNum=4&trk=public_jobs_jserp-result_search-card
112,https://de.linkedin.com/jobs/view/senior-revenue-operations-analyst-at-channelengine-3808228352?refId=ENcT3dlk%2FKN8I%2BTI4%2BAfMw%3D%3D&trackingId=A6M%2B2%2FEAcrv8%2BqE4daprwQ%3D%3D&position=25&pageNum=4&trk=public_jobs_jserp-result_search-card
113,https://de.linkedin.com/jobs/view/business-analyst-transmission-systeme-m-w-d-at-bwi-gmbh-3789846466?refId=6w%2BjiWVNOTLwjOGjtbO5uw%3D%3D&trackingId=7yNOgiBk15CKjepoa1kYlw%3D%3D&position=1&pageNum=5&trk=public_jobs_jserp-result_search-card
114,https://de.linkedin.com/jobs/view/business-analyst-in-m-w-i-%E2%80%93-vollzeit-unbefristet-at-propotsdam-gmbh-3634373503?refId=6w%2BjiWVNOTLwjOGjtbO5uw%3D%3D&trackingId=%2Fp2v%2Fe8nTd4E%2BbMgi%2Fydnw%3D%3D&position=2&pageNum=5&trk=public_jobs_jserp-result_search-card
115,https://de.linkedin.com/jobs/view/duales-studium-mediendesign-b-a-am-campus-oder-online-at-iu-internationale-hochschule-3802365879?refId=6w%2BjiWVNOTLwjOGjtbO5uw%3D%3D&trackingId=nXlRkMKOTWb4amp7%2BH6Bqw%3D%3D&position=3&pageNum=5&trk=public_jobs_jserp-result_search-card
116,https://de.linkedin.com/jobs/view/senior-business-analyst-in-digitalisierung-baumanagement-at-deutsche-bahn-3764599958?refId=6w%2BjiWVNOTLwjOGjtbO5uw%3D%3D&trackingId=8aHF8KHgRtE%2BKlNO6U0xiQ%3D%3D&position=4&pageNum=5&trk=public_jobs_jserp-result_search-card
117,https://de.linkedin.com/jobs/view/consultant-business-analyst-projektmanager-life-sciences-chemicals-w-m-d-at-capgemini-3616300102?refId=6w%2BjiWVNOTLwjOGjtbO5uw%3D%3D&trackingId=GklPNdgGlT0GcbZkURdisg%3D%3D&position=5&pageNum=5&trk=public_jobs_jserp-result_search-card
118,https://de.linkedin.com/jobs/view/werkstudent-m-w-d-wissensmanagement-mit-option-ba-oder-ma-thesis-at-diehl-metall-3642100758?refId=6w%2BjiWVNOTLwjOGjtbO5uw%3D%3D&trackingId=u%2F%2F2y7h%2Ffs9ga20T0SMlXg%3D%3D&position=8&pageNum=5&trk=public_jobs_jserp-result_search-card
